Date Closed,Disaster Description,Type of Structure,Address,Town,Address_Full,lat,lng
8/25/2014,Hurricane Sandy, 2 car garage ,77 Crampton Ave,Woodbridge,"77 Crampton Ave, Woodbridge, NJ",40.5593121,-74.270579
9/12/2014,Hurricane Sandy,  ,563 Heidelberg Ave,Woodbridge,"563 Heidelberg Ave, Woodbridge, NJ",40.559487,-74.2693985
8/29/2014,Hurricane Sandy,  ,535 Vesper Ave,Woodbridge,"535 Vesper Ave, Woodbridge, NJ",40.5581893,-74.26898589999999
8/28/2014,Hurricane Sandy,  ,558 Vesper Ave,Woodbridge,"558 Vesper Ave, Woodbridge, NJ",40.5591776,-74.26808050000001
9/5/2014,Hurricane Sandy," Shed, not damaged ",526 Watson Ave,Woodbridge,"526 Watson Ave, Woodbridge, NJ",40.5582256,-74.2703612
9/4/2014,Hurricane Sandy,  ,529 Watson Ave,Woodbridge,"529 Watson Ave, Woodbridge, NJ",40.5584704,-74.27072799999999
9/12/2014,Hurricane Sandy,  ,680 Watson Ave,Woodbridge,"680 Watson Ave, Woodbridge, NJ",40.55966069999999,-74.2698111
9/4/2014,Hurricane Sandy, Shed in back yard.  One single family dwelling. ,560 Heidelberg Ave,Woodbridge,"560 Heidelberg Ave, Woodbridge, NJ",40.55927,-74.2690898
10/15/2013,Hurricane Sandy, 2 Sheds ,127 Weber Ave,Sayreville,"127 Weber Ave, Sayreville, NJ",40.4651208,-74.3669261
10/22/2013,Hurricane Sandy,  ,50 MacArthur Ave,Sayreville,"50 MacArthur Ave, Sayreville, NJ",40.4580702,-74.3676133
10/29/2013,Hurricane Sandy, Shed ,129 Mac Arthur Ave,Sayreville,"129 Mac Arthur Ave, Sayreville, NJ",40.4623585,-74.36857549999999
6/26/2014,Hurricane Sandy,  ,53 Weber Ave.,Sayreville,"53 Weber Ave., Sayreville, NJ",40.4594288,-74.36887329999999
6/30/2014,Hurricane Sandy, Detached garage ,49 Mac Arthur Ave,Sayreville,"49 Mac Arthur Ave, Sayreville, NJ",40.4581338,-74.36821599999999
6/30/2014,Hurricane Sandy,  ,10 Charles St,Sayreville,"10 Charles St, Sayreville, NJ",40.4182923,-74.3622984
7/1/2014,Hurricane Sandy,  ,47 David St,Sayreville,"47 David St, Sayreville, NJ",40.4200103,-74.3617944
6/17/2014,Hurricane Sandy,  ,80 William St,Sayreville,"80 William St, Sayreville, NJ",40.4202769,-74.36136909999999
6/30/2014,Hurricane Sandy, Home ,19 Armstrong Ave,South River,"19 Armstrong Ave, South River, NJ",40.4445598,-74.36661749999999
6/30/2014,Hurricane Sandy," 2 Story house-no structial damage, flooding occurred on 1st floor. ",86 Causeway St,South River,"86 Causeway St, South River, NJ",40.4518283,-74.3738101
6/26/2014,Hurricane Sandy, House ,114 Causeway St,South River,"114 Causeway St, South River, NJ",40.4509201,-74.37539079999999
6/26/2014,Hurricane Sandy,  ,3 Lee St & Zenas St,South River,"3 Lee St & Zenas St, South River, NJ",39.28201139999999,-76.6140417
6/30/2014,Hurricane Sandy, Shed 8' x 10' ,16 Water St.,South River,"16 Water St., South River, NJ",40.44894,-74.37462339999999
11/7/2013,Hurricane Sandy," A home with 3 levels, a detached shed in backyard ",28 Mac Arthur Ave,Sayreville,"28 Mac Arthur Ave, Sayreville, NJ",40.457009,-74.3675217
11/18/2013,Hurricane Sandy,  ,128 Weber Ave,Sayreville,"128 Weber Ave, Sayreville, NJ",40.4654044,-74.3672926
11/19/2013,Hurricane Sandy," Front & side of foundation, back foundation major crack ",20 Weber Ave,Sayreville,"20 Weber Ave, Sayreville, NJ",40.45675809999999,-74.3690795
11/26/2013,Hurricane Sandy, Detached two car garage ,86 Mac Arthur Ave,Sayreville,"86 Mac Arthur Ave, Sayreville, NJ",40.4601214,-74.3678424
12/11/2013,Hurricane Sandy, 8 Room split level home with basement and 1-car attached garage. ,88 Weber Ave,Sayreville,"88 Weber Ave, Sayreville, NJ",40.4622259,-74.36958349999999
12/11/2013,Hurricane Sandy, 2 sheds ,15 Weber Ave,Sayreville,"15 Weber Ave, Sayreville, NJ",40.4567337,-74.3686213
12/12/2013,Hurricane Sandy, Ranch Home ,19 Weber Ave,Sayreville,"19 Weber Ave, Sayreville, NJ",40.4570507,-74.36866719999999
12/13/2013,Hurricane Sandy, Home-2 story Colonial-No damage now-has been repaired ,12 Weber Ave,Sayreville,"12 Weber Ave, Sayreville, NJ",40.4564799,-74.3690337
12/13/2013,Hurricane Sandy,  ,88 Mac Arthur Ave,Sayreville,"88 Mac Arthur Ave, Sayreville, NJ",40.4602428,-74.36780809999999
6/13/2014,Hurricane Sandy,  ,52 David St,Sayreville,"52 David St, Sayreville, NJ",40.4193903,-74.3619669
6/13/2014,Hurricane Sandy,  ,41 William St,Sayreville,"41 William St, Sayreville, NJ",40.4640716,-74.3568691
5/30/2014,Hurricane Sandy,  ,9 John Street,Sayreville,"9 John Street, Sayreville, NJ",40.459668,-74.35752500000001
5/29/2014,Hurricane Sandy,  ,76 Miller Ave,Sayreville,"76 Miller Ave, Sayreville, NJ",40.4751433,-74.34211379999999
5/29/2014,Hurricane Sandy, Home & garage ,27 Herman St,South River,"27 Herman St, South River, NJ",40.4481197,-74.3740278
6/3/2014,Hurricane Sandy,  ,4 Maple Street,South River,"4 Maple Street, South River, NJ",40.4531958,-74.38378639999999
6/3/2014,Hurricane Sandy, Main bldg-garage-large shed. ,19 Water St,South River,"19 Water St, South River, NJ",40.4493031,-74.3744401
6/10/2014,Hurricane Sandy," Attached photos, basement & 1st floor fully flooded. ",38 Water St.,South River,"38 Water St., South River, NJ",40.4497205,-74.3754939
12/19/2013,Hurricane Sandy, House & Garage ,44 Mac Arthur Ave,Sayreville,"44 Mac Arthur Ave, Sayreville, NJ",40.4577984,-74.3676133
12/19/2013,Hurricane Sandy," Photos enclosed.  House, shed & fence damaged. ",85 Weber Ave,Sayreville,"85 Weber Ave, Sayreville, NJ",40.4620299,-74.3691482
12/23/2013,Hurricane Sandy," Home, Shed, Patio with Hot Tub ",115 Mac Arthur Ave,Sayreville,"115 Mac Arthur Ave, Sayreville, NJ",40.461651,-74.3685722
12/23/2013,Hurricane Sandy, 2 Car Detached Garage ,58 Mac Arthur Ave,Sayreville,"58 Mac Arthur Ave, Sayreville, NJ",40.45862030000001,-74.36765919999999
12/24/2013,Hurricane Sandy, Home resides on property ,65 Mac Arthur Ave,Sayreville,"65 Mac Arthur Ave, Sayreville, NJ",40.4590584,-74.3683006
12/26/2013,Hurricane Sandy,  ,50 Weber Ave,Sayreville,"50 Weber Ave, Sayreville, NJ",40.4593205,-74.3693544
5/22/2014,Hurricane Sandy," 2 story wood frame house w 1/2 brick veneer front, 1 car garage attached ",6 Fisher St,Sayreville,"6 Fisher St, Sayreville, NJ",40.4562857,-74.3690337
5/5/2014,Hurricane Sandy,  ,5 Charles St.,Sayreville,"5 Charles St., Sayreville, NJ",40.4638277,-74.3478478
4/25/2014,Hurricane Sandy,  ,58 Charles St,Sayreville,"58 Charles St, Sayreville, NJ",40.41944609999999,-74.35996159999999
5/19/2014,Hurricane Sandy, House ,26 John St,Sayreville,"26 John St, Sayreville, NJ",40.4183634,-74.3602823
5/12/2014,Hurricane Sandy, Shed ,20 William St,Sayreville,"20 William St, Sayreville, NJ",40.4634905,-74.3582204
5/22/2014,Hurricane Sandy,  ,44 Augusta St,South River,"44 Augusta St, South River, NJ",40.4435345,-74.36633739999999
5/16/2014,Hurricane Sandy,  ,76 Causeway St.,South River,"76 Causeway St., South River, NJ",40.4523879,-74.3734321
5/29/2014,Hurricane Sandy,  ,15 Herman Street,South River,"15 Herman Street, South River, NJ",40.4486627,-74.373265
5/16/2014,Hurricane Sandy," Just my house.  No shed, no garage. ",6 Martin Ave,South River,"6 Martin Ave, South River, NJ",40.4520392,-74.3731572
12/30/2013,Hurricane Sandy, It is a split leverl house with basement & attached garage. ,97 Weber Ave,Sayreville,"97 Weber Ave, Sayreville, NJ",40.4626413,-74.36921699999999
12/30/2013,Hurricane Sandy," House, pool, shed ",25 Weber Ave,Sayreville,"25 Weber Ave, Sayreville, NJ",40.4572286,-74.3686901
12/31/2013,Hurricane Sandy,  ,38 Weber Ave,Sayreville,"38 Weber Ave, Sayreville, NJ",40.4584563,-74.3693323
1/21/2014,Hurricane Sandy,  ,105 Weber Ave,Sayreville,"105 Weber Ave, Sayreville, NJ",40.4633285,-74.3688504
1/27/2014,Hurricane Sandy,  ,47 Weber Ave,Sayreville,"47 Weber Ave, Sayreville, NJ",40.4591831,-74.3687817
1/29/2014,Hurricane Sandy, Two Car Garage ,98 Mac Arthur Ave,Sayreville,"98 Mac Arthur Ave, Sayreville, NJ",40.46078790000001,-74.36788829999999
4/16/2014,Hurricane Sandy,  ,30 Charles St,Sayreville,"30 Charles St, Sayreville, NJ",40.4186636,-74.36161109999999
4/29/2014,Hurricane Sandy, Shed ,42 William St,Sayreville,"42 William St, Sayreville, NJ",40.4636959,-74.3566167
4/25/2014,Hurricane Sandy," Home, shed, gazebo ",60 William St,Sayreville,"60 William St, Sayreville, NJ",40.46391759999999,-74.3560131
4/15/2014,Hurricane Sandy, Shed ,65 William St.,Sayreville,"65 William St., Sayreville, NJ",40.4197244,-74.3613324
4/28/2014,Hurricane Sandy,  ,64 William Street,Sayreville,"64 William Street, Sayreville, NJ",40.4198294,-74.360968
4/29/2014,Hurricane Sandy,  ,35 Bordentown Avenue,Sayreville,"35 Bordentown Avenue, Sayreville, NJ",40.4177303,-74.3602616
4/30/2014,Hurricane Sandy,  ,37 Bordentown Ave.,Sayreville,"37 Bordentown Ave., Sayreville, NJ",40.4176449,-74.3601449
5/2/2014,Hurricane Sandy,  ,43 William Street,Sayreville,"43 William Street, Sayreville, NJ",40.46404709999999,-74.3567001
4/25/2014,Hurricane Sandy," Main house-fr hse, detached garage ",81 Boehmhurst Ave,Sayreville,"81 Boehmhurst Ave, Sayreville, NJ",40.4749843,-74.3407254
4/25/2014,Hurricane Sandy, Patio ,116 Causeway,South River,"116 Causeway, South River, NJ",40.4508922,-74.37553969999999
4/25/2014,Hurricane Sandy,  ,14 Elizabeth Street,South River,"14 Elizabeth Street, South River, NJ",40.4498858,-74.3744401
4/30/2014,Hurricane Sandy,  ,1 Herman Street,South River,"1 Herman Street, South River, NJ",40.4487655,-74.3725158
4/30/2014,Hurricane Sandy, 2 car garage was flooded with 3 ft of water. ,29 Herman St,South River,"29 Herman St, South River, NJ",40.4480285,-74.374211
4/14/2014,Hurricane Sandy, Single family home ,1 Lee St.,South River,"1 Lee St., South River, NJ",40.4492072,-74.3739798
4/16/2014,Hurricane Sandy," House-single family. 3 beds, 2 baths, built 1921, basement unfinished. ",11 Lee St.,South River,"11 Lee St., South River, NJ",40.4496319,-74.3733749
4/30/2014,Hurricane Sandy," 2 Bedroom, 1 bath-home ",9 Little Martin Ave,South River,"9 Little Martin Ave, South River, NJ",40.45228669999999,-74.3731916
4/23/2014,Hurricane Sandy, 3 Bedroom house & shed & fence.  Foundaton is leaking & cracked. ,2 Martin Ave,South River,"2 Martin Ave, South River, NJ",40.4499224,-74.375689
1/30/2014,Hurricane Sandy, Ranch Style House ,24 Weber Ave,Sayreville,"24 Weber Ave, Sayreville, NJ",40.4573534,-74.3691712
2/29/2016,Hurricane Sandy,  ,130 Weber Ave,Sayreville,"130 Weber Ave, Sayreville, NJ",40.4655796,-74.3671552
4/3/2014,Hurricane Sandy," House, shed ",17 Armstrong Ave,South River,"17 Armstrong Ave, South River, NJ",40.4445761,-74.3664392
4/3/2014,Hurricane Sandy," 2 Bedroom, 1 Bath, Living Rm, Dining Rm, Kitchen (Residential Home) ",20 Belmont Ave,South River,"20 Belmont Ave, South River, NJ",40.4556256,-74.38309919999999
3/31/2014,Hurricane Sandy, Metal shed ,6 Lee St.,South River,"6 Lee St., South River, NJ",40.4496346,-74.3740278
3/26/2014,Hurricane Sandy, Cape Cod house & 1 car garage. ,13 Maple Street,South River,"13 Maple Street, South River, NJ",40.4534171,-74.38341989999999
1/30/2014,Hurricane Sandy," Ranch style home with attached garage.  Flooded basement & garage in 2010 and 2011.  In 2012, flooded both, plus 1st floor. ",43 Weber Ave,Sayreville,"43 Weber Ave, Sayreville, NJ",40.4588237,-74.3688504
2/6/2014,Hurricane Sandy," House, shed ",84 Weber Ave,Sayreville,"84 Weber Ave, Sayreville, NJ",40.4620155,-74.3696064
2/7/2014,Hurricane Sandy," House, Shed collapsed after last flood ",143 Mac Arthur Ave,Sayreville,"143 Mac Arthur Ave, Sayreville, NJ",40.4631361,-74.3683006
2/11/2014,Hurricane Sandy,  ,104 Weber Ave,Sayreville,"104 Weber Ave, Sayreville, NJ",40.4635345,-74.36921699999999
2/12/2014,Hurricane Sandy, House & shed ,62 Mac Arthur Ave,Sayreville,"62 Mac Arthur Ave, Sayreville, NJ",40.4587368,-74.36765919999999
3/21/2014,Hurricane Sandy," Shed, outside bar, ingound pool ",71 Weber Ave,Sayreville,"71 Weber Ave, Sayreville, NJ",40.4609299,-74.3690566
3/17/2014,Hurricane Sandy, Pool ,54 Charles St,Sayreville,"54 Charles St, Sayreville, NJ",40.4194,-74.36019069999999
3/26/2014,Hurricane Sandy, Please see General Attachment ,53 Armstrong Ave,South River,"53 Armstrong Ave, South River, NJ",40.4444215,-74.36812479999999
3/19/2014,Hurricane Sandy,  ,1 Washington Street,South River,"1 Washington Street, South River, NJ",40.4511574,-74.37907890000001
3/21/2014,Hurricane Sandy, Just the house & garage ,29 Water Street,South River,"29 Water Street, South River, NJ",40.4495742,-74.374715
3/12/2014,Hurricane Sandy," House, almost 6' of water inside, substaning damages, unsafe. ",31 Water St,South River,"31 Water St, South River, NJ",40.44965639999999,-74.3748181
2/19/2014,Hurricane Sandy, Single family home with detach garage. ,37 Water St.,South River,"37 Water St., South River, NJ",40.4499418,-74.3751274
3/19/2014,Hurricane Sandy, Single family house ,15 Armstrong Ave,South River,"15 Armstrong Ave, South River, NJ",40.4445925,-74.36626079999999
2/12/2014,Hurricane Sandy, Single family dwelling (30'x60) with 1 car attached garage & 10x12 shed. ,39 Weber Ave,Sayreville,"39 Weber Ave, Sayreville, NJ",40.4586168,-74.3687588
2/19/2014,Hurricane Sandy,  ,54 Weber Ave,Sayreville,"54 Weber Ave, Sayreville, NJ",40.4595924,-74.3693544
2/24/2014,Hurricane Sandy, Ranch house w/basement. ,78 Weber Ave,Sayreville,"78 Weber Ave, Sayreville, NJ",40.4611937,-74.3696016
2/26/2014,Hurricane Sandy,  ,131 Mac Arthur Ave,Sayreville,"131 Mac Arthur Ave, Sayreville, NJ",40.4625202,-74.3686213
3/11/2014,Hurricane Sandy, Detached garage ,67 Weber Ave,Sayreville,"67 Weber Ave, Sayreville, NJ",40.460681,-74.3689205
2/28/2014,Hurricane Sandy, House & shed ,3 Washington St.,South River,"3 Washington St., South River, NJ",40.45111989999999,-74.3791591
2/27/2014,Hurricane Sandy," House, shed, fence, light poles & fixture, chimney, 2 story & attic house. ",7 Washington St,South River,"7 Washington St, South River, NJ",40.4510531,-74.379308
2/28/2014,Hurricane Sandy,  ,24 Water Street,South River,"24 Water Street, South River, NJ",40.4491352,-74.374841
2/26/2014,Hurricane Sandy," Property is in general disrepair, with roof leaks ",4 Martin Ave,South River,"4 Martin Ave, South River, NJ",40.4498895,-74.3758031
12/21/2015,Hurricane Sandy, Garage & House ,54 Mac Arthur Ave,Sayreville,"54 Mac Arthur Ave, Sayreville, NJ",40.4583484,-74.36765919999999
2/26/2014,Hurricane Sandy,  ,101 Weber Ave,Sayreville,"101 Weber Ave, Sayreville, NJ",40.4628355,-74.36921699999999
2/28/2014,Hurricane Sandy,  ,70 Weber Ave,Sayreville,"70 Weber Ave, Sayreville, NJ",40.4606462,-74.36954779999999
3/4/2014,Hurricane Sandy, Foundation collapsed ,25 Mac Arthur Ave,Sayreville,"25 Mac Arthur Ave, Sayreville, NJ",40.4565737,-74.36802569999999
3/5/2014,Hurricane Sandy, House 4 pictures attached ,74 MacArthur Ave.,Sayreville,"74 MacArthur Ave., Sayreville, NJ",40.4594485,-74.3677508
3/14/2014,Hurricane Sandy," Ranch, 3 bedrooms, 1-1/2 baths, full basement, garage, 1400 s/f living, 1400 s/f unfinished. ",68 Weber Ave,Sayreville,"68 Weber Ave, Sayreville, NJ",40.4603725,-74.36952080000002
3/7/2014,Hurricane Sandy,  ,36 Belmont Avenue,South River,"36 Belmont Avenue, South River, NJ",40.4554832,-74.3840924
2/25/2014,Hurricane Sandy,  ,98 Causeway,South River,"98 Causeway, South River, NJ",40.4513103,-74.3743485
2/14/2014,Hurricane Sandy, 1 car garage ,33 Freeman St,South River,"33 Freeman St, South River, NJ",40.4493591,-74.3731572
2/25/2014,Hurricane Sandy, House & shed ,11 Kathryn St,South River,"11 Kathryn St, South River, NJ",40.4436925,-74.3643507
2/20/2014,Hurricane Sandy,  ,30 Water St,South River,"30 Water St, South River, NJ",40.4492932,-74.3750014
2/20/2014,Hurricane Sandy," See attached ""Structural flood damage assessment"" report with photos. ",100 Causeway,South River,"100 Causeway, South River, NJ",40.4511836,-74.3744771
6/29/2015,Hurricane Sandy," One story home, with 3 bedrooms & 1.5 bathrooms ",117 Weber Avenue,Sayreville,"117 Weber Avenue, Sayreville, NJ",40.4641728,-74.3679341
3/20/2014,Hurricane Sandy, Single Family House & Shed ,101 Mac Arthur Ave,Sayreville,"101 Mac Arthur Ave, Sayreville, NJ",40.4608313,-74.3684839
3/21/2014,Hurricane Sandy, Garage ,84 Mac Arthur Ave,Sayreville,"84 Mac Arthur Ave, Sayreville, NJ",40.4599936,-74.367831
3/25/2014,Hurricane Sandy, two story home & deta ,64 Mac Arthur Ave,Sayreville,"64 Mac Arthur Ave, Sayreville, NJ",40.4588985,-74.367705
3/26/2014,Hurricane Sandy,  ,93 Mac Arthur Ave,Sayreville,"93 Mac Arthur Ave, Sayreville, NJ",40.4603978,-74.36843809999999
3/28/2014,Hurricane Sandy, House & deck ,81 WEBER AVE.,Sayreville,"81 WEBER AVE., Sayreville, NJ",40.4616126,-74.3690795
4/2/2014,Hurricane Sandy," Garage, Outdoor shed ",173 Mac Arthur Ave,Sayreville,"173 Mac Arthur Ave, Sayreville, NJ",40.46452559999999,-74.36683440000002
4/11/2014,Hurricane Sandy, Foundation collapsed side wall & 1/2 back wall.  Also shed in backyard. ,123 Weber Ave,Sayreville,"123 Weber Ave, Sayreville, NJ",40.4648156,-74.36724679999999
1/8/2016,Hurricane Sandy,  ,76 Mac Arthur Ave,Sayreville,"76 Mac Arthur Ave, Sayreville, NJ",40.459565,-74.3677508
4/22/2014,Hurricane Sandy, Storage Shed ,174 Mac Arthur Ave,Sayreville,"174 Mac Arthur Ave, Sayreville, NJ",40.4642736,-74.3663275
4/22/2014,Hurricane Sandy, 2 Storage Sheds ,176 Mac Arthur Ave,Sayreville,"176 Mac Arthur Ave, Sayreville, NJ",40.4645147,-74.366193
4/25/2014,Hurricane Sandy,  ,55 Weber Ave,Sayreville,"55 Weber Ave, Sayreville, NJ",40.4597229,-74.3688262
4/29/2014,Hurricane Sandy," House, Garage ",125 Mac Arthur Ave,Sayreville,"125 Mac Arthur Ave, Sayreville, NJ",40.4620415,-74.3685297
4/30/2014,Hurricane Sandy, Residential Home ,133 Mac Arthur Ave,Sayreville,"133 Mac Arthur Ave, Sayreville, NJ",40.4626755,-74.3686213
5/5/2014,Hurricane Sandy, 2 Car Detached Garage ,71 Mac Arthur Ave,Sayreville,"71 Mac Arthur Ave, Sayreville, NJ",40.4593366,-74.3683464
5/13/2014,Hurricane Sandy,  ,66 MacArthur Ave,Sayreville,"66 MacArthur Ave, Sayreville, NJ",40.459015,-74.367705
5/16/2014,Hurricane Sandy, House had 4 feet of water in living space.  Cellar completely flooded. ,74 Weber Ave,Sayreville,"74 Weber Ave, Sayreville, NJ",40.46092,-74.3695747
5/16/2014,Hurricane Sandy,  ,98 Weber Ave,Sayreville,"98 Weber Ave, Sayreville, NJ",40.4628211,-74.3696751
5/19/2014,Hurricane Sandy, 3 Bedroom attached home & 12x14 shed. ,93 Weber Ave,Sayreville,"93 Weber Ave, Sayreville, NJ",40.4624408,-74.3691712
5/19/2014,Hurricane Sandy," Colonial 2 Story House, 2 Car Garage ",59 Mac Arthur Ave,Sayreville,"59 Mac Arthur Ave, Sayreville, NJ",40.4586836,-74.3681173
5/23/2014,Hurricane Sandy, Ranch house w/full basement-28'x50'.  Attached garage-24'x40'.  Shed-10'x16' ,131 Weber Ave,Sayreville,"131 Weber Ave, Sayreville, NJ",40.4654521,-74.36651370000001
5/23/2014,Hurricane Sandy,  ,61 Weber Ave,Sayreville,"61 Weber Ave, Sayreville, NJ",40.4601278,-74.36887329999999
5/28/2014,Hurricane Sandy,  ,100 Weber Ave,Sayreville,"100 Weber Ave, Sayreville, NJ",40.4630379,-74.3696981
5/28/2014,Hurricane Sandy,  ,187 MacArthur Ave,Sayreville,"187 MacArthur Ave, Sayreville, NJ",40.4650972,-74.366193
5/29/2014,Hurricane Sandy,  ,46 Weber Ave,Sayreville,"46 Weber Ave, Sayreville, NJ",40.4590748,-74.36926280000002
5/29/2014,Hurricane Sandy, 3 Bedroom Ranch House & deck ,66 Weber Ave,Sayreville,"66 Weber Ave, Sayreville, NJ",40.4602038,-74.3694232
5/30/2014,Hurricane Sandy, Single family house ,96 Weber Ave,Sayreville,"96 Weber Ave, Sayreville, NJ",40.4626206,-74.36962930000001
6/3/2014,Hurricane Sandy,  ,102 Weber Ave,Sayreville,"102 Weber Ave, Sayreville, NJ",40.4632356,-74.36958349999999
6/3/2014,Hurricane Sandy, Raised Brick & Stone Ranch 8x16 Garden shed. ,80 Weber Ave,Sayreville,"80 Weber Ave, Sayreville, NJ",40.4614802,-74.3696294
6/4/2014,Hurricane Sandy,  ,11 Weber Ave,Sayreville,"11 Weber Ave, Sayreville, NJ",40.4565657,-74.3685297
6/5/2014,Hurricane Sandy, Pool ,107 Weber Ave,Sayreville,"107 Weber Ave, Sayreville, NJ",40.4634974,-74.36866719999999
6/9/2014,Hurricane Sandy, Split level house with attached garage & half basement. ,111 Weber Ave,Sayreville,"111 Weber Ave, Sayreville, NJ",40.4636337,-74.3685297
6/16/2014,Hurricane Sandy," Split level home flooded on 3 floors, 12 ft of water. ",103 Weber Ave,Sayreville,"103 Weber Ave, Sayreville, NJ",40.4630622,-74.3691712
6/30/2014,Hurricane Sandy,  ,36 Weber Ave,Sayreville,"36 Weber Ave, Sayreville, NJ",40.4581825,-74.3693053
6/30/2014,Hurricane Sandy," (Wood) shed, house ",92 Mac Arthur Ave,Sayreville,"92 Mac Arthur Ave, Sayreville, NJ",40.4603932,-74.3678424
7/7/2014,Hurricane Sandy,  ,89 Weber Ave,Sayreville,"89 Weber Ave, Sayreville, NJ",40.4622466,-74.3691712
7/8/2014,Hurricane Sandy, Damaged shed ,40 Mac Arthur Ave,Sayreville,"40 Mac Arthur Ave, Sayreville, NJ",40.4575654,-74.3676133
7/24/2014,Hurricane Sandy,  ,82 MacArthur Avenue,Sayreville,"82 MacArthur Avenue, Sayreville, NJ",40.4598368,-74.3677508
8/28/2014,Hurricane Sandy,  ,119 Mac Arthur Ave,Sayreville,"119 Mac Arthur Ave, Sayreville, NJ",40.4600808,-74.3683923
9/19/2014,Hurricane Sandy, House ,46 Mac Arthur Ave,Sayreville,"46 Mac Arthur Ave, Sayreville, NJ",40.4579149,-74.3676133
9/29/2014,Hurricane Sandy,  ,124 Weber Ave,Sayreville,"124 Weber Ave, Sayreville, NJ",40.4650541,-74.36756749999999
9/30/2014,Hurricane Sandy," Garage (one car), Shed ",94 MacArthur Ave,Sayreville,"94 MacArthur Ave, Sayreville, NJ",40.4605178,-74.367831
10/15/2014,Hurricane Sandy,  ,119 Weber Avenue,Sayreville,"119 Weber Avenue, Sayreville, NJ",40.4643416,-74.3677508
10/15/2014,Hurricane Sandy,  ,51-53 MacArthur Ave,Sayreville,"51-53 MacArthur Ave, Sayreville, NJ",40.45832499999999,-74.3682346
2/27/2015,Hurricane Sandy,  ,64 Weber Ave,Sayreville,"64 Weber Ave, Sayreville, NJ",40.4600259,-74.3694002
10/24/2014,Hurricane Sandy,  ,108 Weber Ave.,Sayreville,"108 Weber Ave., Sayreville, NJ",40.4637033,-74.3690337
3/17/2015,Hurricane Sandy, Cape home ,115 Weber,Sayreville,"115 Weber, Sayreville, NJ",40.46397140000001,-74.3681632
3/29/2017,Hurricane Sandy, Residential Home ,118 Weber Avenue,Sayreville,"118 Weber Avenue, Sayreville, NJ",40.464385,-74.3683464
10/31/2014,Hurricane Sandy," 1 corrugated iron shed 10'x12', 1 Plastic shed 8'x10', In-ground pool, tampoline. ",120 Weber Avenue,Sayreville,"120 Weber Avenue, Sayreville, NJ",40.4645476,-74.3681173
11/21/2014,Hurricane Sandy, Shed ,121 Weber Ave,Sayreville,"121 Weber Ave, Sayreville, NJ",40.46451039999999,-74.36756749999999
12/10/2014,Hurricane Sandy, Shed & Deck ,63 Mac Arthur Ave,Sayreville,"63 Mac Arthur Ave, Sayreville, NJ",40.4589419,-74.3683006
9/30/2016,Hurricane Sandy, Main Home & Garage ,96 Mac Arthur Ave,Sayreville,"96 Mac Arthur Ave, Sayreville, NJ",40.4606714,-74.36788829999999
12/30/2014,Hurricane Sandy, House ,92 Weber Ave,Sayreville,"92 Weber Ave, Sayreville, NJ",40.4624039,-74.3696064
1/7/2015,Hurricane Sandy, 2 Story colonial single family dewelling with attached 1-car garage. ,122 Weber Avenue,Sayreville,"122 Weber Avenue, Sayreville, NJ",40.4647616,-74.3679799
7/13/2015,Hurricane Sandy,  ,52 MacArthur Ave,Sayreville,"52 MacArthur Ave, Sayreville, NJ",40.4582175,-74.3676248
2/13/2015,Hurricane Sandy, Split level 4 bedroom/2 bathrooms. ,113 Weber Ave,Sayreville,"113 Weber Ave, Sayreville, NJ",40.4638026,-74.3683464
2/17/2015,Hurricane Sandy,  ,97 MacArthur Ave,Sayreville,"97 MacArthur Ave, Sayreville, NJ",40.4605532,-74.36843809999999
2/24/2015,Hurricane Sandy, bi-level split home ,116 Weber Ave,Sayreville,"116 Weber Ave, Sayreville, NJ",40.4641774,-74.3685297
5/9/2014,Hurricane Sandy, Shed ,125 Weber Ave,Sayreville,"125 Weber Ave, Sayreville, NJ",40.4649845,-74.3670635
12/21/2016,Hurricane Sandy, House and attached 2 car garage ,23 Charles St,Sayreville,"23 Charles St, Sayreville, NJ",40.4187523,-74.36225259999999
9/19/2014,Hurricane Sandy, Storage shed-16x32 swimming pool ,26 Charles St,Sayreville,"26 Charles St, Sayreville, NJ",40.4185486,-74.36165869999999
10/17/2014,Hurricane Sandy,  ,31 Charles St,Sayreville,"31 Charles St, Sayreville, NJ",40.4190324,-74.36174849999999
10/23/2014,Hurricane Sandy," House, detached garage ",35 Charles St,Sayreville,"35 Charles St, Sayreville, NJ",40.4190767,-74.3615767
8/12/2014,Hurricane Sandy, 2 car detached garage ,47 Charles St,Sayreville,"47 Charles St, Sayreville, NJ",40.4194142,-74.3611234
12/18/2014,Hurricane Sandy," House, pool, 2 sheds ",57 Bordentown Ave,Sayreville,"57 Bordentown Ave, Sayreville, NJ",40.4181004,-74.3595034
12/1/2014,Hurricane Sandy,  ,49 David St,Sayreville,"49 David St, Sayreville, NJ",40.4199464,-74.3620218
7/31/2014,Hurricane Sandy,  ,13 John St,Sayreville,"13 John St, Sayreville, NJ",40.4598808,-74.3575696
9/28/2015,Hurricane Sandy, 24x48 building ,15 John St,Sayreville,"15 John St, Sayreville, NJ",40.4599685,-74.35758799999999
8/11/2016,Hurricane Sandy," Home, shed with basement, garage ",18 John St.,Sayreville,"18 John St., Sayreville, NJ",40.4601777,-74.35726079999999
10/9/2014,Hurricane Sandy, (1)-2 Story house 2500 sq ft.  (1) inground pool & jacuzzi.  (1) detached garage ,22 John St,Sayreville,"22 John St, Sayreville, NJ",40.4181956,-74.36035849999999
7/22/2014,Hurricane Sandy," Garage, pool, shed ",33 John St,Sayreville,"33 John St, Sayreville, NJ",40.41919590000001,-74.3597261
7/25/2014,Hurricane Sandy,  ,18 William St,Sayreville,"18 William St, Sayreville, NJ",40.4634508,-74.3584953
12/17/2014,Hurricane Sandy, 10x16 garage ,40 William St,Sayreville,"40 William St, Sayreville, NJ",40.4636824,-74.35679999999999
1/9/2015,Hurricane Sandy,  ,52 William St,Sayreville,"52 William St, Sayreville, NJ",40.4637352,-74.35609509999999
8/7/2014,Hurricane Sandy,  ,82 William St,Sayreville,"82 William St, Sayreville, NJ",40.4203753,-74.3615538
12/22/2015,Hurricane Sandy,  ,32 John Street,Sayreville,"32 John Street, Sayreville, NJ",40.4187023,-74.3596408
7/29/2014,Hurricane Sandy,  ,14 John Street,Sayreville,"14 John Street, Sayreville, NJ",40.4599931,-74.3572221
12/9/2016,Hurricane Sandy,  ,8 John Street,Sayreville,"8 John Street, Sayreville, NJ",40.4596863,-74.35717799999999
1/9/2015,Hurricane Sandy,  ,56 William Streeet,Sayreville,"56 William Streeet, Sayreville, NJ",40.46391759999999,-74.3560131
8/21/2014,Hurricane Sandy,  ,13 Armstrong Ave,South River,"13 Armstrong Ave, South River, NJ",40.4445662,-74.36601879999999
4/26/2016,Hurricane Sandy, Single Home ,14 Belmont Ave,South River,"14 Belmont Ave, South River, NJ",40.4556446,-74.3827441
11/15/2018,Hurricane Sandy, Home ,84 Browns Ln,South River,"84 Browns Ln, South River, NJ",40.4520573,-74.3735696
6/28/2016,Hurricane Sandy,  ,88 Causeway,South River,"88 Causeway, South River, NJ",40.4517764,-74.3738559
1/2/2015,Hurricane Sandy,  ,112 Causeway,South River,"112 Causeway, South River, NJ",40.4509707,-74.3752648
12/19/2017,Hurricane Sandy, There is a 3 car garage on the property. ,118 Causeway,South River,"118 Causeway, South River, NJ",40.4508723,-74.37567709999999
12/15/2014,Hurricane Sandy, Garage (Pics enclosed) ,7 Herman St,South River,"7 Herman St, South River, NJ",40.4486481,-74.3727907
8/20/2015,Hurricane Sandy, I have more pictures if needed. ,32 Herman St,South River,"32 Herman St, South River, NJ",40.4479016,-74.3739247
9/22/2014,Hurricane Sandy," x2 Wooden frame sheds, 2 1/2 Story Home. ",2 Lee St,South River,"2 Lee St, South River, NJ",40.4495971,-74.3741873
7/28/2014,Hurricane Sandy," House and detached 2 car garage 2 1/2 Story house w/basement & crawl space.  Repairs have been made, subfloors repaired, 4 ft sheetrock throught house, all 1st floor flooring, bottom cabinets. 100% bathroom. ",20-22 Levinson Ave,South River,"20-22 Levinson Ave, South River, NJ",40.44473660000001,-74.36850849999999
10/24/2014,Hurricane Sandy, I have a house & shed on the property. ,31 Levinson Ave,South River,"31 Levinson Ave, South River, NJ",40.445101,-74.3693152
2/12/2015,Hurricane Sandy,  ,43 Levinson Ave,South River,"43 Levinson Ave, South River, NJ",40.445047,-74.3699039
4/10/2017,Hurricane Sandy, Single family residential owner-occupied ,8 Little Martin Ave,South River,"8 Little Martin Ave, South River, NJ",40.4522153,-74.3727449
9/18/2015,Hurricane Sandy,  ,10 Little Martin Avenue,South River,"10 Little Martin Avenue, South River, NJ",40.4521288,-74.37292529999999
8/22/2014,Hurricane Sandy," House, detached garage, storage shed ",17 Maple Street,South River,"17 Maple Street, South River, NJ",40.4537215,-74.3833741
9/18/2014,Hurricane Sandy, Garage & shed ,29 Maple Street,South River,"29 Maple Street, South River, NJ",40.45430229999999,-74.3834313
12/9/2014,Hurricane Sandy, Shed ,9 Martin Ave,South River,"9 Martin Ave, South River, NJ",40.4500078,-74.37623839999999
9/29/2014,Hurricane Sandy,  ,5 Reid St,South River,"5 Reid St, South River, NJ",40.4526005,-74.37975469999999
9/8/2014,Hurricane Sandy,  ,12 Washington St.,South River,"12 Washington St., South River, NJ",40.4507442,-74.3792508
3/30/2017,Hurricane Sandy,  ,22 Water Street,South River,"22 Water Street, South River, NJ",40.4490868,-74.3747723
7/18/2014,Hurricane Sandy,  ,27 Water St.,South River,"27 Water St., South River, NJ",40.4494901,-74.3746692
10/9/2015,Hurricane Sandy," Single family A frame 3 fl home, garage behind home. ",5 Martin Ave,South River,"5 Martin Ave, South River, NJ",40.4501135,-74.37608949999999
12/19/2014,Hurricane Sandy, three bedroom residential house with 2 full bathrooms (1 currently damaged) ,87 Claire Ave,Woodbridge,"87 Claire Ave, Woodbridge, NJ",40.5572939,-74.27118639999999
12/2/2014,Hurricane Sandy,  ,94 Claire Ave,Woodbridge,"94 Claire Ave, Woodbridge, NJ",40.55691909999999,-74.2712781
9/9/2015,Hurricane Sandy,  ,76 Crampton Ave,Woodbridge,"76 Crampton Ave, Woodbridge, NJ",40.5589871,-74.2708196
10/20/2015,Hurricane Sandy,  ,80 Crampton Ave,Woodbridge,"80 Crampton Ave, Woodbridge, NJ",40.5589615,-74.27063629999999
12/8/2014,Hurricane Sandy," 2 family house, 3 car garage ",81 Crampton Ave,Woodbridge,"81 Crampton Ave, Woodbridge, NJ",40.5591887,-74.27004029999999
9/24/2014,Hurricane Sandy, home & storage shed ,85 Crampton Ave,Woodbridge,"85 Crampton Ave, Woodbridge, NJ",40.5591568,-74.2698111
9/18/2014,Hurricane Sandy,  ,87 Crampton Ave,Woodbridge,"87 Crampton Ave, Woodbridge, NJ",40.5591377,-74.26967359999999
5/8/2015,Hurricane Sandy," Home, garage, patio ",94 Crampton Ave,Woodbridge,"94 Crampton Ave, Woodbridge, NJ",40.5588526,-74.27013199999999
1/29/2015,Hurricane Sandy, House & shed ,98 Crampton Ave,Woodbridge,"98 Crampton Ave, Woodbridge, NJ",40.55882709999999,-74.26994859999999
11/24/2014,Hurricane Sandy,  ,102 Crampton Ave,Woodbridge,"102 Crampton Ave, Woodbridge, NJ",40.5587628,-74.2697653
10/22/2014,Hurricane Sandy,  ,105 Crampton Ave,Woodbridge,"105 Crampton Ave, Woodbridge, NJ",40.5590734,-74.2694902
6/29/2015,Hurricane Sandy, Private home/residence ,106 Crampton Ave,Woodbridge,"106 Crampton Ave, Woodbridge, NJ",40.5587437,-74.2696277
11/17/2014,Hurricane Sandy, Our home ,118 Crampton Ave,Woodbridge,"118 Crampton Ave, Woodbridge, NJ",40.5585317,-74.2689401
6/19/2015,Hurricane Sandy,  ,123 Crampton Ave,Woodbridge,"123 Crampton Ave, Woodbridge, NJ",40.5588504,-74.2686536
12/2/2014,Hurricane Sandy," Single family, 2 level bi-level on slab, no exterior damage-heavy interior 1st level damage (4' water) ",128 Crampton Ave,Woodbridge,"128 Crampton Ave, Woodbridge, NJ",40.5585126,-74.2688026
9/19/2014,Hurricane Sandy, Siingle family home ,131 Crampton Ave,Woodbridge,"131 Crampton Ave, Woodbridge, NJ",40.5587849,-74.2682524
3/22/2017,Hurricane Sandy, Single family home ,132 Crampton Ave,Woodbridge,"132 Crampton Ave, Woodbridge, NJ",40.5584616,-74.26843579999999
11/10/2014,Hurricane Sandy, Single family home ,136 Crampton Ave.,Woodbridge,"136 Crampton Ave., Woodbridge, NJ",40.5583973,-74.2682524
4/8/2015,Hurricane Sandy,  ,140 Crampton Ave,Woodbridge,"140 Crampton Ave, Woodbridge, NJ",40.5583782,-74.2681149
10/2/2014,Hurricane Sandy, House ,141 Crampton Ave.,Woodbridge,"141 Crampton Ave., Woodbridge, NJ",40.5587078,-74.26797739999999
8/13/2015,Hurricane Sandy, (1) 2 (ground & upper level)story shed.. ,144 Crampton Ave,Woodbridge,"144 Crampton Ave, Woodbridge, NJ",40.5583139,-74.2679315
9/18/2014,Hurricane Sandy, Cape cod house ,145 Crampton Ave,Woodbridge,"145 Crampton Ave, Woodbridge, NJ",40.558671,-74.2677825
10/4/2017,Hurricane Sandy,  ,28 E Green St,Woodbridge,"28 E Green St, Woodbridge, NJ",40.5574557,-74.27457869999999
11/18/2014,Hurricane Sandy, Single family home ,29 E Green St,Woodbridge,"29 E Green St, Woodbridge, NJ",40.5571049,-74.2747735
11/24/2014,Hurricane Sandy,  ,561 Heidelberg Ave,Woodbridge,"561 Heidelberg Ave, Woodbridge, NJ",40.5593319,-74.2693985
6/30/2016,Hurricane Sandy,  ,564 Heidelberg Ave,Woodbridge,"564 Heidelberg Ave, Woodbridge, NJ",40.5594168,-74.26889419999999
10/15/2014,Hurricane Sandy,  ,569 Heidelberg Ave,Woodbridge,"569 Heidelberg Ave, Woodbridge, NJ",40.5596292,-74.2693068
10/30/2014,Hurricane Sandy, 1-family split-level house ,523 Vesper Ave,Woodbridge,"523 Vesper Ave, Woodbridge, NJ",40.557897,-74.269035
4/28/2015,Hurricane Sandy, Single family home ,531 Vesper Ave,Woodbridge,"531 Vesper Ave, Woodbridge, NJ",40.5580406,-74.2690318
11/13/2014,Hurricane Sandy, Single family home-already fixed up 3500 sq ft ,532 Vesper Ave,Woodbridge,"532 Vesper Ave, Woodbridge, NJ",40.5579513,-74.26839
11/12/2014,Hurricane Sandy,  ,537 Vesper Ave,Woodbridge,"537 Vesper Ave, Woodbridge, NJ",40.5582992,-74.2689401
12/31/2014,Hurricane Sandy,  ,556 Vesper Ave,Woodbridge,"556 Vesper Ave, Woodbridge, NJ",40.5590434,-74.2681607
1/29/2015,Hurricane Sandy, 1 rubbermaid shed washed away with all garden tools ,561 Vesper Ave,Woodbridge,"561 Vesper Ave, Woodbridge, NJ",40.559327,-74.26852749999999
6/26/2015,Hurricane Sandy,  ,3 Von Vetchen Ave,Woodbridge,"3 Von Vetchen Ave, Woodbridge, NJ",40.5605275,-74.2690776
12/29/2014,Hurricane Sandy," 2 Family house, detached garage, in-ground pool ",515 Watson Ave,Woodbridge,"515 Watson Ave, Woodbridge, NJ",40.5579533,-74.2709113
12/4/2014,Hurricane Sandy,  ,517 Watson Ave,Woodbridge,"517 Watson Ave, Woodbridge, NJ",40.558102,-74.2708655
10/27/2014,Hurricane Sandy, 2 Sheds ,520 Watson Ave,Woodbridge,"520 Watson Ave, Woodbridge, NJ",40.558077,-74.2704071
10/15/2014,Hurricane Sandy, 12'x19' garage ,523 Watson Ave,Woodbridge,"523 Watson Ave, Woodbridge, NJ",40.558283,-74.2707738
9/23/2014,Hurricane Sandy, Single family house (2 stories) on the property ,530 Watson Ave,Woodbridge,"530 Watson Ave, Woodbridge, NJ",40.5583355,-74.2703154
10/8/2014,Hurricane Sandy,  ,534 Watson Ave,Woodbridge,"534 Watson Ave, Woodbridge, NJ",40.5584842,-74.2702695
10/22/2014,Hurricane Sandy, Single family home/shed ,555 Watson Ave,Woodbridge,"555 Watson Ave, Woodbridge, NJ",40.5595387,-74.27025809999999
9/25/2014,Hurricane Sandy, Bi-level 2400 sq ft ,558 Watson Ave,Woodbridge,"558 Watson Ave, Woodbridge, NJ",40.5594281,-74.2698111
12/11/2014,Hurricane Sandy,  ,561 Watson Ave,Woodbridge,"561 Watson Ave, Woodbridge, NJ",40.5596469,-74.2702695
3/31/2015,Hurricane Sandy, Single family 2 story bi-level with attached garage (no basement) & shed. ,562 Watson Ave,Woodbridge,"562 Watson Ave, Woodbridge, NJ",40.55954440000001,-74.2698111
10/14/2014,Hurricane Sandy, Basement flooded causing furnace motor to blow out & needed to be replaced 2 window air conditioners & a washing machine lost in flood.  Various tools rusted due to saslt water. ,569 Watson Ave,Woodbridge,"569 Watson Ave, Woodbridge, NJ",40.5597956,-74.2702237
9/25/2014,Hurricane Sandy, 2-floor home ,570 Watson Ave,Woodbridge,"570 Watson Ave, Woodbridge, NJ",40.5598741,-74.26967359999999
10/10/2014,Hurricane Sandy, Single family home-cape ,571 Watson Avenue,Woodbridge,"571 Watson Avenue, Woodbridge, NJ",40.5599136,-74.2701664
11/25/2014,Hurricane Sandy, Residence ,573 Watson Ave,Woodbridge,"573 Watson Ave, Woodbridge, NJ",40.5600428,-74.27012049999999
10/30/2014,Hurricane Sandy, House which is my primary residence & shed. ,575 Watson Ave,Woodbridge,"575 Watson Ave, Woodbridge, NJ",40.5602352,-74.27004029999999
2/12/2015,Hurricane Sandy,  ,576 Watson Ave,Woodbridge,"576 Watson Ave, Woodbridge, NJ",40.5600227,-74.2696277
2/19/2015,Hurricane Sandy," Residential home (split level), shed ",580 Watson Ave,Woodbridge,"580 Watson Ave, Woodbridge, NJ",40.5601326,-74.26958189999999
10/1/2014,Hurricane Sandy,  ,581 Watson Ave,Woodbridge,"581 Watson Ave, Woodbridge, NJ",40.5603838,-74.2699945
8/31/2016,Hurricane Sandy,  ,587 Watson Ave,Woodbridge,"587 Watson Ave, Woodbridge, NJ",40.5605261,-74.2699028
10/30/2014,Hurricane Sandy, Detached garage ,593 Watson Ave,Woodbridge,"593 Watson Ave, Woodbridge, NJ",40.5607084,-74.2698886
6/24/2015,Hurricane Sandy,  ,610 Watson Ave,Woodbridge,"610 Watson Ave, Woodbridge, NJ",40.5610956,-74.269261
12/3/2014,Hurricane Sandy, Cape Cod home/house ,612 Watson Ave,Woodbridge,"612 Watson Ave, Woodbridge, NJ",40.5612443,-74.2692151
5/28/2015,Hurricane Sandy, Shed & inground pool ,613 Watson Ave,Woodbridge,"613 Watson Ave, Woodbridge, NJ",40.5613728,-74.26958189999999
11/12/2014,Hurricane Sandy," House duplex, 2 car garage with extension. ",616 Watson Ave,Woodbridge,"616 Watson Ave, Woodbridge, NJ",40.5613929,-74.2691693
11/21/2014,Hurricane Sandy,  ,617 Watson Ave,Woodbridge,"617 Watson Ave, Woodbridge, NJ",40.5615313,-74.2693463
11/5/2014,Hurricane Sandy,  ,619 Watson Ave,Woodbridge,"619 Watson Ave, Woodbridge, NJ",40.5617413,-74.26944440000001
3/10/2016,Hurricane Sandy,  ,639 Watson Ave,Woodbridge,"639 Watson Ave, Woodbridge, NJ",40.5623099,-74.2693527
10/16/2014,Hurricane Sandy, 2 story structure-has been flooded 3 times in year & half.  Sandy 5' water in basement. ,678 Watson Ave,Woodbridge,"678 Watson Ave, Woodbridge, NJ",40.5597642,-74.2697194
6/30/2015,Hurricane Sandy,  ,66 4th St,Woodbridge,"66 4th St, Woodbridge, NJ",40.5698294,-74.2443207
6/4/2015,Hurricane Sandy," The whole first floor, garage, cars and belongings were damaged. ",79 4th St,Woodbridge,"79 4th St, Woodbridge, NJ",40.5699017,-74.24344959999999
4/17/2015,Hurricane Sandy," Above ground pool, shed ",82 4th St,Woodbridge,"82 4th St, Woodbridge, NJ",40.56963,-74.2437247
10/16/2014,Hurricane Sandy,  ,87 4th St,Woodbridge,"87 4th St, Woodbridge, NJ",40.5698652,-74.2430818
6/30/2015,Hurricane Sandy, Photos on disk ,88 4th St,Woodbridge,"88 4th St, Woodbridge, NJ",40.5695121,-74.2434612
12/17/2014,Hurricane Sandy," Block 611, house & garage ",131 7th Ave,Woodbridge,"131 7th Ave, Woodbridge, NJ",40.5673786,-74.265535
6/10/2016,Hurricane Sandy,  ,65 Arbor St,Woodbridge,"65 Arbor St, Woodbridge, NJ",40.5492141,-74.2627053
12/29/2014,Hurricane Sandy, Fence very damaged ,20 Austin St,Woodbridge,"20 Austin St, Woodbridge, NJ",40.5540232,-74.2649517
12/12/2014,Hurricane Sandy, Storage Shed ,572 Bamford Ave,Woodbridge,"572 Bamford Ave, Woodbridge, NJ",40.5601503,-74.2705446
11/9/2015,Hurricane Sandy, House & storage shed ,584 Bamford Ave,Woodbridge,"584 Bamford Ave, Woodbridge, NJ",40.5604412,-74.2704071
12/17/2014,Hurricane Sandy," House-2 story cape cod, raised full dormers front & rear, full basment, shed/damage-water damage in basement (mold) ",605 Bamford Ave,Woodbridge,"605 Bamford Ave, Woodbridge, NJ",40.5612742,-74.2705446
12/18/2014,Hurricane Sandy, One family ranch and aluminum shed ,634 Bamford Ave.,Woodbridge,"634 Bamford Ave., Woodbridge, NJ",40.5620896,-74.2697194
1/8/2015,Hurricane Sandy, House & 2 car detached garage. ,106 Blandford Ave.,Woodbridge,"106 Blandford Ave., Woodbridge, NJ",40.5781055,-74.2666234
10/27/2014,Hurricane Sandy, Detached shed ,959 Blandford Ave,Woodbridge,"959 Blandford Ave, Woodbridge, NJ",40.5739217,-74.2683291
11/12/2014,Hurricane Sandy, Single family home with attached 1 car garage. ,963 Blandford Ave,Woodbridge,"963 Blandford Ave, Woodbridge, NJ",40.5740839,-74.2682914
1/21/2015,Hurricane Sandy, House w/garage & shed ,1054 Blandford Ave,Woodbridge,"1054 Blandford Ave, Woodbridge, NJ",40.5775722,-74.2669459
1/8/2015,Hurricane Sandy, House ,1063 Blandford Ave,Woodbridge,"1063 Blandford Ave, Woodbridge, NJ",40.57802050000001,-74.2672439
11/7/2014,Hurricane Sandy, Shed ,60 Borman Ave,Woodbridge,"60 Borman Ave, Woodbridge, NJ",40.5812317,-74.2660978
11/19/2015,Hurricane Sandy,  ,12 Central Ave,Woodbridge,"12 Central Ave, Woodbridge, NJ",40.5556823,-74.26183429999999
12/16/2014,Hurricane Sandy, House (structure) is located on property ,13 Central Ave,Woodbridge,"13 Central Ave, Woodbridge, NJ",40.5556104,-74.2613873
12/4/2014,Hurricane Sandy,  ,52 Claire Ave,Woodbridge,"52 Claire Ave, Woodbridge, NJ",40.5576515,-74.2734785
8/3/2015,Hurricane Sandy, Garage (Detatched) ,54 Claire Ave,Woodbridge,"54 Claire Ave, Woodbridge, NJ",40.5576,-74.2733868
11/13/2014,Hurricane Sandy," 1 car garage, flood damage to foundation & doors ",56 Claire Ave,Woodbridge,"56 Claire Ave, Woodbridge, NJ",40.5575809,-74.2732493
11/24/2014,Hurricane Sandy, house residential ,84 Claire Ave,Woodbridge,"84 Claire Ave, Woodbridge, NJ",40.5570331,-74.27161040000001
12/11/2014,Hurricane Sandy, 1 single-family home with a detached garage ,91 Claire Ave,Woodbridge,"91 Claire Ave, Woodbridge, NJ",40.5574097,-74.27146139999999
7/14/2015,Hurricane Sandy,  ,121 Crampton Ave,Woodbridge,"121 Crampton Ave, Woodbridge, NJ",40.5589002,-74.2688026
11/3/2014,Hurricane Sandy, Tool shed and a deck ,43 Dunlop Dr,Woodbridge,"43 Dunlop Dr, Woodbridge, NJ",40.5506895,-74.26133
12/29/2015,Hurricane Sandy, Entire house was engulfed by 12' wall of water.  Destroying entire basement and 1st floor. ,34 E Tappen St,Woodbridge,"34 E Tappen St, Woodbridge, NJ",40.5696995,-74.2447792
12/30/2014,Hurricane Sandy,  ,127 Harriot St,Woodbridge,"127 Harriot St, Woodbridge, NJ",40.5559078,-74.2732034
11/13/2014,Hurricane Sandy,  ,664 Lewis St,Woodbridge,"664 Lewis St, Woodbridge, NJ",40.5639165,-74.2703154
8/13/2015,Hurricane Sandy, Single family house with basement ,668 Lewis St,Woodbridge,"668 Lewis St, Woodbridge, NJ",40.5641861,-74.2703727
10/30/2015,Hurricane Sandy, 2Â½ car concrete garage 8x10 wooded shed ,671 Lewis St,Woodbridge,"671 Lewis St, Woodbridge, NJ",40.5642516,-74.2707738
12/23/2015,Hurricane Sandy, Single family home with basement ,672 Lewis St,Woodbridge,"672 Lewis St, Woodbridge, NJ",40.5643087,-74.27041849999999
12/19/2014,Hurricane Sandy," Shed in back, No damage ",680 Lewis St,Woodbridge,"680 Lewis St, Woodbridge, NJ",40.5645621,-74.27049869999999
11/20/2014,Hurricane Sandy,  ,684 Lewis St,Woodbridge,"684 Lewis St, Woodbridge, NJ",40.5647171,-74.27049869999999
12/31/2014,Hurricane Sandy," 2 story house, 5' of water in basement ",11 Melbourne Ct,Woodbridge,"11 Melbourne Ct, Woodbridge, NJ",40.5577329,-74.2748996
7/22/2016,Hurricane Sandy, Garage-detached ,14 Melbourne Ct,Woodbridge,"14 Melbourne Ct, Woodbridge, NJ",40.5576368,-74.274487
12/30/2014,Hurricane Sandy, Shed ,168 North Hill Rd,Woodbridge,"168 North Hill Rd, Woodbridge, NJ",40.5852311,-74.29681049999999
6/26/2015,Hurricane Sandy,  ,177 North Hill Rd,Woodbridge,"177 North Hill Rd, Woodbridge, NJ",40.58545609999999,-74.2973147
4/10/2015,Hurricane Sandy,  ,65 S Robert St,Woodbridge,"65 S Robert St, Woodbridge, NJ",40.5519476,-74.2622927
3/31/2016,Hurricane Sandy, Shed in backyard ,69 S Robert St,Woodbridge,"69 S Robert St, Woodbridge, NJ",40.5518897,-74.2621552
7/30/2015,Hurricane Sandy, House ,72 S Robert St,Woodbridge,"72 S Robert St, Woodbridge, NJ",40.5515016,-74.26243029999999
4/27/2017,Hurricane Sandy," Garage, 2 sheds ",75 S Robert St,Woodbridge,"75 S Robert St, Woodbridge, NJ",40.5519731,-74.2624761
8/4/2016,Hurricane Sandy, Single family home-detached 2 car garage ,76 S Robert St,Woodbridge,"76 S Robert St, Woodbridge, NJ",40.5515659,-74.2626136
10/21/2014,Hurricane Sandy,  ,79 S Robert St,Woodbridge,"79 S Robert St, Woodbridge, NJ",40.5519986,-74.2626595
12/18/2015,Hurricane Sandy," House, shed deck ",80 S Robert St,Woodbridge,"80 S Robert St, Woodbridge, NJ",40.5516302,-74.26279699999999
8/6/2015,Hurricane Sandy, Single family residential home ,84 S Robert St,Woodbridge,"84 S Robert St, Woodbridge, NJ",40.5516493,-74.2629345
5/11/2015,Hurricane Sandy," House, garage, shed, pool ",92 S Robert St,Woodbridge,"92 S Robert St, Woodbridge, NJ",40.5517293,-74.2633701
1/26/2015,Hurricane Sandy, House ,123 S Robert St,Woodbridge,"123 S Robert St, Woodbridge, NJ",40.5523829,-74.2645849
3/14/2016,Hurricane Sandy," 2 Storage sheds, deck ",133 S Robert St,Woodbridge,"133 S Robert St, Woodbridge, NJ",40.5524664,-74.2649058
9/26/2014,Hurricane Sandy, Shed ,15 Sewaren Ave,Woodbridge,"15 Sewaren Ave, Woodbridge, NJ",40.55018460000001,-74.2618801
12/15/2014,Hurricane Sandy,  ,36 Sewaren Ave,Woodbridge,"36 Sewaren Ave, Woodbridge, NJ",40.5502872,-74.26233859999999
6/30/2016,Hurricane Sandy,  ,040 Sewaren Ave,Woodbridge,"040 Sewaren Ave, Woodbridge, NJ",40.5504395,-74.26229699999999
12/11/2014,Hurricane Sandy, My primary residence ,48 Sewaren Ave,Woodbridge,"48 Sewaren Ave, Woodbridge, NJ",40.55054579999999,-74.2622469
12/17/2014,Hurricane Sandy, Shed ,54 Sewaren Ave,Woodbridge,"54 Sewaren Ave, Woodbridge, NJ",40.5508431,-74.2621552
12/1/2014,Hurricane Sandy, Primary residence ,58 Sewaren Ave,Woodbridge,"58 Sewaren Ave, Woodbridge, NJ",40.5509981,-74.2621552
12/17/2014,Hurricane Sandy, 12x8 shed-one family home ,61 Sewaren Ave,Woodbridge,"61 Sewaren Ave, Woodbridge, NJ",40.5509991,-74.261605
9/12/2018,Hurricane Sandy, Detached 1 car garage ,62 Sewaren Ave,Woodbridge,"62 Sewaren Ave, Woodbridge, NJ",40.5511532,-74.2621552
9/29/2016,Hurricane Sandy, Shed ,70 Sewaren Ave,Woodbridge,"70 Sewaren Ave, Woodbridge, NJ",40.5513666,-74.2620176
5/19/2015,Hurricane Sandy,  ,71 Sewaren Ave,Woodbridge,"71 Sewaren Ave, Woodbridge, NJ",40.5512577,-74.2615134
10/9/2014,Hurricane Sandy, Single family house & detached garage ,76 Vernon St,Woodbridge,"76 Vernon St, Woodbridge, NJ",40.5557781,-74.2625219
12/30/2015,Hurricane Sandy, Just home on property sheds & pool destroyed. ,81 Vernon St,Woodbridge,"81 Vernon St, Woodbridge, NJ",40.5562103,-74.2628429
8/5/2016,Hurricane Sandy,  ,2 Wedgewood Ave,Woodbridge,"2 Wedgewood Ave, Woodbridge, NJ",40.5653112,-74.2705904
10/8/2014,Hurricane Sandy, 1 family house ,10 Wedgewood Ave,Woodbridge,"10 Wedgewood Ave, Woodbridge, NJ",40.5652205,-74.2707738
10/20/2015,Hurricane Sandy," Single family home w/attached garage, shed. ",17 Brookside Ct,Woodbridge,"17 Brookside Ct, Woodbridge, NJ",40.5881777,-74.2957105
5/26/2016,Hurricane Sandy,  ,152 Crampton Ave.,Woodbridge,"152 Crampton Ave., Woodbridge, NJ",40.5582501,-74.2674731
2/24/2015,Hurricane Sandy, House & Shed ,21 E Green St,Woodbridge,"21 E Green St, Woodbridge, NJ",40.5571776,-74.27534
6/28/2019,Hurricane Sandy,  ,89 4th St,Woodbridge,"89 4th St, Woodbridge, NJ",40.56975389999999,-74.2429452
1/8/2018,Hurricane Sandy, Garage ,72 Sewaren,Woodbridge,"72 Sewaren, Woodbridge, NJ",40.5515153,-74.2619718
5/28/2015,Hurricane Sandy," Single Family Home, detached Garage ",180 Woodbridge Ave,Woodbridge,"180 Woodbridge Ave, Woodbridge, NJ",40.5531057,-74.2650434
3/9/2018,Hurricane Sandy,  ,535 Pearl Ave.,Woodbridge,"535 Pearl Ave., Woodbridge, NJ",40.5580869,-74.2680989
5/1/2015,Hurricane Sandy,  ,66 Sewaren Ave,Woodbridge,"66 Sewaren Ave, Woodbridge, NJ",40.551218,-74.2620635
4/24/2015,Hurricane Sandy,  ,526 Vesper Avenue,Woodbridge,"526 Vesper Avenue, Woodbridge, NJ",40.5578039,-74.2686536
5/11/2015,Hurricane Sandy,  ,55 Arbor St,Woodbridge,"55 Arbor St, Woodbridge, NJ",40.5492555,-74.262334
5/19/2015,Hurricane Sandy,  ,22 Paris Road,Lawrence,"22 Paris Road, Lawrence, NJ",40.2778055,-74.7294313
5/2/2017,Hurricane Sandy, No damaged structures ,538 Bay Point Rd,Lawrence,"538 Bay Point Rd, Lawrence, NJ",39.2971344,-75.2508673
9/14/2015,Hurricane Sandy, No damaged structures ,528 Bay Point Rd,Lawrence,"528 Bay Point Rd, Lawrence, NJ",39.2970964,-75.2499321
2/26/2015,Hurricane Sandy,  ,68 Paris Rd.,Lawrence,"68 Paris Rd., Lawrence, NJ",39.2941361,-75.2488717
10/18/2018,Hurricane Sandy,  ,34 Paris Rd.,Lawrence,"34 Paris Rd., Lawrence, NJ",39.293279,-75.24814160000001
8/14/2015,Hurricane Sandy," 4 bedroom, 2 story home ",74 Miller Ave,Sayreville,"74 Miller Ave, Sayreville, NJ",40.4753663,-74.34218249999999
6/25/2015,Hurricane Sandy,  ,90 Miller Ave,Sayreville,"90 Miller Ave, Sayreville, NJ",40.4735234,-74.34177009999999
12/30/2016,Hurricane Sandy," Back stucco bldg is approx 33'x47'.  Formerly an embroidery shop in 1960's & 1970's.  It has beautiful wood floors.  Bldg was not damaged with Sandy, but floors warped a little in some spots. ",18-20 Water St,South River,"18-20 Water St, South River, NJ",40.4489798,-74.3747683
12/17/2015,Hurricane Sandy,  ,28 Water St,South River,"28 Water St, South River, NJ",40.4492449,-74.3749326
7/7/2015,Hurricane Sandy, Single family home ,37 Belmont Ave.,South River,"37 Belmont Ave., South River, NJ",40.4558487,-74.3841529
6/30/2015,Hurricane Sandy,  ,65 Reid St,South River,"65 Reid St, South River, NJ",40.4530621,-74.38309919999999
11/30/2015,Hurricane Sandy,  ,359 N 6th Ave,Manville,"359 N 6th Ave, Manville, NJ",40.5502079,-74.591499
7/9/2015,Hurricane Sandy," Primary home.  3 BR, lv, kitchen, den & 1 1/2 bath. ",201 Boesel Ave,Manville,"201 Boesel Ave, Manville, NJ",40.535964,-74.5862137
9/30/2015,Hurricane Sandy," One single family dwelling, two storage sheds, less then 100 sq ft. ",55 May Pl,Manville,"55 May Pl, Manville, NJ",40.5345744,-74.58909179999999
12/8/2015,Hurricane Sandy,  ,533 Boesel Ave,Manville,"533 Boesel Ave, Manville, NJ",40.5407304,-74.58131709999999
2/26/2016,Hurricane Sandy, House & shed ,625 Huff Ave,Manville,"625 Huff Ave, Manville, NJ",40.54206370000001,-74.5811341
7/30/2015,Hurricane Sandy, Home and shed ,56 S Bank St,Manville,"56 S Bank St, Manville, NJ",40.541663,-74.582065
12/28/2015,Hurricane Sandy, House & shed ,402 Huff Ave,Manville,"402 Huff Ave, Manville, NJ",40.539033,-74.583269
7/7/2015,Hurricane Sandy," Home, detached garage & shed ",631 Boesel Ave,Manville,"631 Boesel Ave, Manville, NJ",40.54195600000001,-74.580274
7/23/2015,Hurricane Sandy,  ,654 Huff Ave,Manville,"654 Huff Ave, Manville, NJ",40.542294,-74.580139
11/19/2015,Hurricane Sandy, Home w/deck & shed.  Pictures of home rebuilt ofter 2011 flood ,525 Boesel Ave,Manville,"525 Boesel Ave, Manville, NJ",40.5404535,-74.5814594
4/24/2015,Hurricane Sandy, 1-single family ranch house.  1 -2 door detached garage ,603 Boesel Ave,Manville,"603 Boesel Ave, Manville, NJ",40.541054,-74.58100999999999
12/22/2015,Hurricane Sandy, Cape Cod house 50x99 lot ,607 Boesel Ave,Manville,"607 Boesel Ave, Manville, NJ",40.541172,-74.58091499999999
8/20/2015,Hurricane Sandy, At one corner of the house the foundation is cracked from top to the bottom and continues ,215 S Bank St,Manville,"215 S Bank St, Manville, NJ",40.5409348,-74.5815769
6/18/2015,Hurricane Sandy,  ,663 Huff Ave,Manville,"663 Huff Ave, Manville, NJ",40.542766,-74.580023
9/30/2016,Hurricane Sandy, House & shed ,651 Huff Ave,Manville,"651 Huff Ave, Manville, NJ",40.542603,-74.580516
6/25/2015,Hurricane Sandy,  ,616 Huff Ave,Manville,"616 Huff Ave, Manville, NJ",40.541572,-74.58099899999999
2/16/2017,Hurricane Sandy, Single family home flooded 4 times since purchased ,63 Lee Pl,Manville,"63 Lee Pl, Manville, NJ",40.54234400000001,-74.581237
5/23/2017,Hurricane Sandy,  ,667 HUFF AVE,Manville,"667 HUFF AVE, Manville, NJ",40.5427879,-74.5798985
12/29/2015,Hurricane Sandy, 6 room house ,665 Boesel Ave,Manville,"665 Boesel Ave, Manville, NJ",40.542193,-74.57949599999999
10/15/2015,Hurricane Sandy, 2 story wood frame house-our home's basement and 1st flr was flooded ,639 Boesel Ave,Manville,"639 Boesel Ave, Manville, NJ",40.5420629,-74.5799068
4/28/2017,Hurricane Sandy,  ,645 Boesel Ave,Manville,"645 Boesel Ave, Manville, NJ",40.542122,-74.5798527
4/25/2016,Hurricane Sandy, 1.5 story wood frame dwelling ,615 Boesel Ave,Manville,"615 Boesel Ave, Manville, NJ",40.5413754,-74.58071079999999
6/16/2015,Hurricane Sandy,  ,604 Huff Ave,Manville,"604 Huff Ave, Manville, NJ",40.541104,-74.581368
5/6/2015,Hurricane Sandy, Sewer back up in basement at least 3 feet ,704 Lincoln Ave,Manville,"704 Lincoln Ave, Manville, NJ",40.54142849999999,-74.5782737
6/30/2015,Hurricane Sandy,  ,622 Boesel Ave,Manville,"622 Boesel Ave, Manville, NJ",40.54134519999999,-74.58019929999999
8/12/2015,Hurricane Sandy, Shed 12'x16' & house ,629 Huff Ave,Manville,"629 Huff Ave, Manville, NJ",40.542143,-74.581138
8/5/2015,Hurricane Sandy, 1 family house with 1 car garage detached. ,515 Boesel Ave,Manville,"515 Boesel Ave, Manville, NJ",40.5401578,-74.5816612
6/29/2015,Hurricane Sandy, Garage ,671 Huff Ave,Manville,"671 Huff Ave, Manville, NJ",40.542904,-74.579605
6/30/2015,Hurricane Sandy," Home totally restored, garage detached restored ",427 Boesel Ave,Manville,"427 Boesel Ave, Manville, NJ",40.5394321,-74.58233249999999
12/4/2018,Hurricane Sandy, House ,55 Lee Pl,Manville,"55 Lee Pl, Manville, NJ",40.5423167,-74.5809968
5/28/2015,Hurricane Sandy,  ,60 Lee Pl,Manville,"60 Lee Pl, Manville, NJ",40.542721,-74.58088099999999
5/12/2015,Hurricane Sandy, Single family home & detached shed ,423 Boesel Ave,Manville,"423 Boesel Ave, Manville, NJ",40.539322,-74.58250199999999
7/31/2015,Hurricane Sandy,  ,606 Boesel Ave,Manville,"606 Boesel Ave, Manville, NJ",40.5409085,-74.5806307
1/22/2016,Hurricane Sandy,  ,672 Huff Ave,Manville,"672 Huff Ave, Manville, NJ",40.5425115,-74.5795782
11/20/2015,Hurricane Sandy," Small storage/utility shed (no foundation), House (Ranch) current municipal assessment is 101,100.00 ",621 Lincoln Ave,Manville,"621 Lincoln Ave, Manville, NJ",40.541178,-74.579925
9/26/2017,Hurricane Sandy,  ,660 Huff Ave,Manville,"660 Huff Ave, Manville, NJ",40.5424186,-74.58003579999999
5/4/2015,Hurricane Sandy, House & detached garage ,663 Lincoln Ave,Manville,"663 Lincoln Ave, Manville, NJ",40.5415459,-74.579218
7/27/2015,Hurricane Sandy, Shed ,512 Boesel Ave,Manville,"512 Boesel Ave, Manville, NJ",40.5398598,-74.5814096
8/11/2017,Hurricane Sandy,  ,502 Boesel Ave,Manville,"502 Boesel Ave, Manville, NJ",40.539566,-74.58161
6/26/2015,Hurricane Sandy,  ,659 Huff Ave,Manville,"659 Huff Ave, Manville, NJ",40.542712,-74.58018799999999
6/2/2015,Hurricane Sandy,  ,610 Boesel Ave,Manville,"610 Boesel Ave, Manville, NJ",40.540993,-74.58048
4/25/2016,Hurricane Sandy," Residence single family, detached 2-car garage ",610 Lincoln Ave,Manville,"610 Lincoln Ave, Manville, NJ",40.5405779,-74.57982299999999
5/12/2015,Hurricane Sandy,  ,533 Lincoln Ave,Manville,"533 Lincoln Ave, Manville, NJ",40.540379,-74.580563
6/24/2015,Hurricane Sandy, Single family w-2 car garage ,602 Boesel Ave,Manville,"602 Boesel Ave, Manville, NJ",40.5407658,-74.5807222
4/21/2015,Hurricane Sandy,  ,211 Pulaski St,Manville,"211 Pulaski St, Manville, NJ",40.542508,-74.579483
4/15/2016,Hurricane Sandy, Single family house ,528 Lincoln Ave,Manville,"528 Lincoln Ave, Manville, NJ",40.539946,-74.5804019
8/5/2015,Hurricane Sandy, Garage ,655 Lincoln Ave,Manville,"655 Lincoln Ave, Manville, NJ",40.541436,-74.57955299999999
8/31/2015,Hurricane Sandy, Garage (no damaged structures) ,636 Boesel Ave,Manville,"636 Boesel Ave, Manville, NJ",40.541698,-74.57969849999999
1/20/2016,Hurricane Sandy,  ,668 Boesel Ave,Manville,"668 Boesel Ave, Manville, NJ",40.5418469,-74.57925780000001
6/15/2015,Hurricane Sandy, Cape Cod home ,531 Lincoln Ave,Manville,"531 Lincoln Ave, Manville, NJ",40.54025499999999,-74.58066
8/21/2015,Hurricane Sandy, Garage ,524 Boesel Ave,Manville,"524 Boesel Ave, Manville, NJ",40.540246,-74.5811799
12/28/2015,Hurricane Sandy,  ,405 Boesel Avenue,Manville,"405 Boesel Avenue, Manville, NJ",40.538914,-74.58292399999999
10/16/2015,Hurricane Sandy, Residential home ,652 Manville Ave,Manville,"652 Manville Ave, Manville, NJ",40.542868,-74.580668
7/6/2015,Hurricane Sandy, Garage ,627 Lincoln Ave,Manville,"627 Lincoln Ave, Manville, NJ",40.541387,-74.579748
8/14/2015,Hurricane Sandy, Main single resident home detached 2-car garage ,600 Lincoln Ave,Manville,"600 Lincoln Ave, Manville, NJ",40.5403477,-74.5800041
7/19/2016,Hurricane Sandy, One residential home and one outbuilding (shed) ,620 Lincoln Ave,Manville,"620 Lincoln Ave, Manville, NJ",40.540925,-74.57955199999999
2/29/2016,Hurricane Sandy, Garage ,211 N 2nd Ave,Manville,"211 N 2nd Ave, Manville, NJ",40.546221,-74.589066
12/2/2015,Hurricane Sandy, 1 car garage ,235 N 2nd Ave,Manville,"235 N 2nd Ave, Manville, NJ",40.5468199,-74.5888449
12/22/2015,Hurricane Sandy,  ,225 N 2nd Ave,Manville,"225 N 2nd Ave, Manville, NJ",40.5465056,-74.5889593
6/30/2016,Hurricane Sandy," 3 bedroom 1.5 bath, full basement, colonial house built in 1940.  Baseboard ",226 N 2nd Ave,Manville,"226 N 2nd Ave, Manville, NJ",40.5465209,-74.5885017
4/8/2016,Hurricane Sandy," 2 car garage, shed, above ground swimming pool ",210 N 2nd Ave,Manville,"210 N 2nd Ave, Manville, NJ",40.5461065,-74.58859319999999
12/3/2015,Hurricane Sandy, House ,216 Knopf St,Manville,"216 Knopf St, Manville, NJ",40.548112,-74.588756
6/5/2015,Hurricane Sandy,  ,207 N 2nd Ave,Manville,"207 N 2nd Ave, Manville, NJ",40.5460587,-74.58909659999999
7/26/2016,Hurricane Sandy, A ranch style home ,204 Louis St,Manville,"204 Louis St, Manville, NJ",40.54604339999999,-74.5895542
8/27/2015,Hurricane Sandy,  ,211 Dukes Pkwy,Manville,"211 Dukes Pkwy, Manville, NJ",40.548238,-74.588589
8/9/2016,Hurricane Sandy, House & detached garage ,249 N 2nd Ave,Manville,"249 N 2nd Ave, Manville, NJ",40.5471342,-74.5887305
9/17/2015,Hurricane Sandy, one family house & detached 2 car garage ,300 N 2nd Ave,Manville,"300 N 2nd Ave, Manville, NJ",40.547823,-74.5880899
8/24/2015,Hurricane Sandy, Stand Alone garage (1-car) ,204 N 2nd Ave,Manville,"204 N 2nd Ave, Manville, NJ",40.5458862,-74.5886847
6/30/2015,Hurricane Sandy, House & detached garage (structure were repaired-photos included) ,254 N 2nd Ave,Manville,"254 N 2nd Ave, Manville, NJ",40.5472659,-74.58827289999999
8/27/2015,Hurricane Sandy," House, garage & shed (photos included) ",206 N. 2nd Ave.,Manville,"206 N. 2nd Ave., Manville, NJ",40.5459964,-74.588639
12/30/2015,Hurricane Sandy, House ,218 Knopf St,Manville,"218 Knopf St, Manville, NJ",40.548145,-74.588939
6/17/2016,Hurricane Sandy," 2-story, 2-family home with basement, attached garage & exterior deck. ",615 Dukes Parkway,Manville,"615 Dukes Parkway, Manville, NJ",40.550349,-74.592039
6/5/2015,Hurricane Sandy, Single detached garage ,198 N 2nd Ave,Manville,"198 N 2nd Ave, Manville, NJ",40.5456859,-74.588639
8/27/2015,Hurricane Sandy, House & detached garage ,258 N 2nd Ave,Manville,"258 N 2nd Ave, Manville, NJ",40.547376,-74.5882271
6/29/2015,Hurricane Sandy,  ,5 & 7 N 3rd Ave,Manville,"5 & 7 N 3rd Ave, Manville, NJ",36.9885721,-96.0262352
4/22/2015,Hurricane Sandy, Shed-4' water ,1020 St John St,Manville,"1020 St John St, Manville, NJ",40.5506879,-74.5963283
7/19/2019,Hurricane Sandy,  ,251 N 1st Ave,Manville,"251 N 1st Ave, Manville, NJ",40.5470934,-74.5878611
4/7/2015,Hurricane Sandy, A garden shed and our home ,915 Dukes Pkwy,Manville,"915 Dukes Pkwy, Manville, NJ",40.5507694,-74.5940131
8/31/2015,Hurricane Sandy, Shed ,206 North St,Manville,"206 North St, Manville, NJ",40.544162,-74.5894169
8/28/2015,Hurricane Sandy," 15 foot wide drainage easement along northern boundary line, shed ",212 North St,Manville,"212 North St, Manville, NJ",40.5441519,-74.58967
5/15/2015,Hurricane Sandy,  ,1025 Dukes Pkwy,Manville,"1025 Dukes Pkwy, Manville, NJ",40.5510641,-74.59608539999999
1/4/2019,Hurricane Sandy,  ,1320 St John St,Manville,"1320 St John St, Manville, NJ",40.5505725,-74.6003075
5/1/2015,Hurricane Sandy,  ,512 Huff Avenue,Manville,"512 Huff Avenue, Manville, NJ",40.5403582,-74.5820036
9/1/2015,Hurricane Sandy,  ,530 Huff Avenue,Manville,"530 Huff Avenue, Manville, NJ",40.540778,-74.581637
4/30/2015,Hurricane Sandy,  ,620 Huff Avenue,Manville,"620 Huff Avenue, Manville, NJ",40.541688,-74.5809075
7/28/2015,Hurricane Sandy, 1 1/2 car garage ,315 N 2nd Ave,Manville,"315 N 2nd Ave, Manville, NJ",40.548209,-74.588375
10/13/2016,Hurricane Sandy,  ,23 Walnut Ave,Pompton Lakes,"23 Walnut Ave, Pompton Lakes, NJ",40.985156,-74.29369369999999
10/14/2016,Hurricane Sandy,  ,1529 Washington Avenue,Pompton Lakes,"1529 Washington Avenue, Pompton Lakes, NJ",40.9844179,-74.28183299999999
8/11/2015,Hurricane Sandy,  ,19 Walnut Ave,Pompton Lakes,"19 Walnut Ave, Pompton Lakes, NJ",40.9851749,-74.2941062
9/11/2015,Hurricane Sandy, My house w/attached 2 car garage is only structure on property.  See attached photos. ,1263 Ringwood Ave,Pompton Lakes,"1263 Ringwood Ave, Pompton Lakes, NJ",40.9905628,-74.292181
9/29/2017,Hurricane Sandy,  ,1428 Riveredge Dr,Pompton Lakes,"1428 Riveredge Dr, Pompton Lakes, NJ",40.9871326,-74.280813
5/4/2015,Hurricane Sandy, Single family home with 2 car attached garage. ,1257 Ringwood Ave,Pompton Lakes,"1257 Ringwood Ave, Pompton Lakes, NJ",40.9908082,-74.2919404
11/30/2016,Hurricane Sandy,  ,1432 Riveredge Drive,Pompton Lakes,"1432 Riveredge Drive, Pompton Lakes, NJ",40.9869338,-74.2807672
9/1/2016,Hurricane Sandy, Shed & pool (not currently damaged) ,1412 Riveredge Dr,Pompton Lakes,"1412 Riveredge Dr, Pompton Lakes, NJ",40.9877224,-74.2809047
10/30/2015,Hurricane Sandy, House ,324 Woodlawn Ave,Pompton Lakes,"324 Woodlawn Ave, Pompton Lakes, NJ",40.9814274,-74.2879181
6/3/2016,Hurricane Sandy, 2 Story & basement residential single family home.  Colonial style-4 bedroom & 2 full bath (pictures are attached) ,1422 River Edge Dr,Pompton Lakes,"1422 River Edge Dr, Pompton Lakes, NJ",40.9873313,-74.2808589
8/1/2016,Hurricane Sandy,  ,177 Bayview Road,Downe,"177 Bayview Road, Downe, NJ",39.28323,-75.237168
12/28/2016,Hurricane Sandy,  ,118 & 120 Bayview Road,Downe,"118 & 120 Bayview Road, Downe, NJ",37.09024,-95.712891
3/22/2017,Hurricane Sandy,  ,164 Bayview Road,Downe,"164 Bayview Road, Downe, NJ",39.282838,-75.2380249
10/12/2018,Hurricane Sandy,  ,116 Bayview Road,Downe,"116 Bayview Road, Downe, NJ",39.281258,-75.241911
10/12/2018,Hurricane Sandy,  ,114 Bayview Road,Downe,"114 Bayview Road, Downe, NJ",39.281217,-75.242087
7/22/2016,Hurricane Sandy,  ,150 & 152 Bayview Road,Downe,"150 & 152 Bayview Road, Downe, NJ",41.8853017,-87.6385569
8/31/2016,Hurricane Sandy,  ,142 Bayview Road,Downe,"142 Bayview Road, Downe, NJ",39.281941,-75.23966899999999
12/15/2016,Hurricane Sandy, Single family residential ,144 Bayview Road,Downe,"144 Bayview Road, Downe, NJ",39.281987,-75.239487
9/12/2016,Hurricane Sandy,  ,102 Bayview Road,Downe,"102 Bayview Road, Downe, NJ",39.280552,-75.2427079
9/6/2018,Hurricane Sandy,  ,146 Bayview Road,Downe,"146 Bayview Road, Downe, NJ",39.282049,-75.239327
9/5/2018,Hurricane Sandy,  ,216 Nantuxent Drive,Downe,"216 Nantuxent Drive, Downe, NJ",39.285127,-75.23572
6/7/2017,Hurricane Sandy,  ,122 Bayview Road,Downe,"122 Bayview Road, Downe, NJ",39.283401,-75.2375524
10/12/2016,Hurricane Sandy,  ,162 Bayview Road,Downe,"162 Bayview Road, Downe, NJ",39.28271,-75.238169
6/27/2018,Hurricane Sandy,  ,218 Nantuxent Drive,Downe,"218 Nantuxent Drive, Downe, NJ",39.285239,-75.2356269
10/17/2016,Hurricane Sandy,  ,124 Bayview Road,Downe,"124 Bayview Road, Downe, NJ",39.2833994,-75.2375644
8/1/2016,Hurricane Sandy,  ,148 Bayview Road,Downe,"148 Bayview Road, Downe, NJ",39.2821209,-75.23917399999999
12/5/2018,Hurricane Sandy, Single family residential ,248 E Nantuxent Drive,Downe,"248 E Nantuxent Drive, Downe, NJ",39.2881687,-75.2348835
9/9/2016,Hurricane Sandy,  ,134-136 Bayview Road,Downe,"134-136 Bayview Road, Downe, NJ",39.2835147,-75.2375189
9/22/2016,Hurricane Sandy,  ,179 Bayview Road,Downe,"179 Bayview Road, Downe, NJ",39.283402,-75.237078
1/10/2017,Hurricane Sandy,  ,138 Bayview Road,Downe,"138 Bayview Road, Downe, NJ",39.281884,-75.2399609
9/27/2016,Hurricane Sandy,  ,246 E. Nantuxent Drive,Downe,"246 E. Nantuxent Drive, Downe, NJ",39.2880854,-75.23491489999999
3/30/2017,Hurricane Sandy,  ,158 Bayview Road,Downe,"158 Bayview Road, Downe, NJ",39.282524,-75.238451
12/22/2016,Hurricane Sandy,  ,154 & 156 Bayview Road,Downe,"154 & 156 Bayview Road, Downe, NJ",40.6571194,-73.97604799999999
3/29/2018,Hurricane Sandy,  ,160 Bayview Road,Downe,"160 Bayview Road, Downe, NJ",39.28260700000001,-75.238304
10/24/2017,Hurricane Sandy,  ,250 E Nantuxent Drive,Downe,"250 E Nantuxent Drive, Downe, NJ",39.288252,-75.234852
3/29/2018,Hurricane Sandy,  ,181 Bayview Road,Downe,"181 Bayview Road, Downe, NJ",39.283595,-75.237101
2/23/2018,Hurricane Sandy, Single family home ,12 Elizabeth Street,South River,"12 Elizabeth Street, South River, NJ",40.4497348,-74.3745297
10/2/2018,Hurricane Sandy,  ,11 Herman Street,South River,"11 Herman Street, South River, NJ",40.44862639999999,-74.37298539999999
11/27/2017,Hurricane Sandy," 1-Single family, 2 story dwelling, 1-detached 2 car garage ",9 Lee Street,South River,"9 Lee Street, South River, NJ",40.449565,-74.3735238
8/7/2019,Hurricane Sandy, House-primary residence.  No damage-see attached #1 ,10 Lee Street,South River,"10 Lee Street, South River, NJ",40.4498424,-74.37384449999999
9/20/2018,Hurricane Sandy, Shed ,7 Martin Avenue,South River,"7 Martin Avenue, South River, NJ",40.4497495,-74.3762694
12/4/2017,Hurricane Sandy, Garage (2 car) ,13 Martin Avenue,South River,"13 Martin Avenue, South River, NJ",40.4499184,-74.3763644
10/25/2018,Hurricane Sandy, Just the house itself ,129 Whitehead Avenue,South River,"129 Whitehead Avenue, South River, NJ",40.4474382,-74.374085
2/5/2018,Hurricane Sandy,  ,40 Belmont Avenue,South River,"40 Belmont Avenue, South River, NJ",40.4553817,-74.3844278
